Params	Time Savings	BD-BR Inc	RDCCOst
BipredSearchRange=2_SearchRange=32	0.0496	0.0007	0.0149
QuadtreeTUMaxDepthInter=2_SearchRange=32	0.0490	0.0016	0.0317
BipredSearchRange=2_QuadtreeTUMaxDepthInter=2_SearchRange=32	0.3593	0.0025	0.0069
SearchRange=32_TestRect=0.7	0.3233	0.0041	0.0127
QuadtreeTUMaxDepthInter=2_SearchRange=32_TestRect=0.7	0.2774	0.0041	0.0148
BipredSearchRange=2_QuadtreeTUMaxDepthInter=2_SearchRange=32_TestRect=0.7	0.2981	0.0062	0.0207
SearchRange=32_TestRect=0.3	0.3518	0.0098	0.0280
BipredSearchRange=2_QuadtreeTUMaxDepthInter=2_SearchRange=32_TestRect=0.3	0.4475	0.0132	0.0295
BipredSearchRange=2_QuadtreeTUMaxDepthInter=2	0.1378	0.0011	0.0081
BipredSearchRange=2_TestRect=0.7	0.2513	0.0054	0.0213
BipredSearchRange=2_SearchRange=32_TestRect=0.7	0.3656	0.0044	0.0119
BipredSearchRange=2_SearchRange=32_TestRect=0.3	0.4938	0.0107	0.0217
BipredSearchRange=2_TestRect=0.3	0.4589	0.0108	0.0235
BipredSearchRange=2_TestRect=0.9	0.0538	0.0021	0.0384
BipredSearchRange=2_QuadtreeTUMaxDepthInter=2_TestRect=0.9	0.1575	0.0038	0.0239
BipredSearchRange=2_QuadtreeTUMaxDepthInter=2_SearchRange=32_TestRect=0.9	0.2951	0.0040	0.0136
BipredSearchRange=2_TestRect=0.8	0.2273	0.0031	0.0136
BipredSearchRange=2_QuadtreeTUMaxDepthInter=2_SearchRange=32_TestRect=0.8	0.2278	0.0057	0.0251
BipredSearchRange=2_TestRect=0	0.5043	0.0184	0.0365
BipredSearchRange=2_QuadtreeTUMaxDepthInter=2_SearchRange=32_TestRect=0	0.5382	0.0212	0.0393
QuadtreeTUMaxDepthInter=2_TestRect=0.7	0.2576	0.0048	0.0186
BipredSearchRange=2_QuadtreeTUMaxDepthInter=2_TestRect=0.7	0.1281	0.0062	0.0480
QuadtreeTUMaxDepthInter=2_TestRect=0.3	0.3693	0.0127	0.0345
BipredSearchRange=2_QuadtreeTUMaxDepthInter=2_TestRect=0.3	0.4523	0.0130	0.0288
BipredSearchRange=2_QuadtreeTUMaxDepthInter=2_TestRect=0	0.5412	0.0216	0.0400
BipredSearchRange=2_QuadtreeTUMaxDepthInter=2_TestRect=0.8	0.2541	0.0043	0.0170
QuadtreeTUMaxDepthInter=2_TestRect=0.9	0.2389	0.0030	0.0123
QuadtreeTUMaxDepthInter=2_SearchRange=32_TestRect=0.9	0.1917	0.0035	0.0182
QuadtreeTUMaxDepthInter=2_TestRect=0.8	0.3747	0.0045	0.0120
QuadtreeTUMaxDepthInter=2_SearchRange=32_TestRect=0.8	0.2472	0.0058	0.0235
QuadtreeTUMaxDepthInter=2_TestRect=0	0.5354	0.0199	0.0372
QuadtreeTUMaxDepthInter=2_TestRect=0.6	0.4348	0.0069	0.0158
BipredSearchRange=2_QuadtreeTUMaxDepthInter=2_TestRect=0.6	0.4031	0.0090	0.0223
BipredSearchRange=2_QuadtreeTUMaxDepthInter=2_SearchRange=32_TestRect=0.6	0.4200	0.0078	0.0185
QuadtreeTUMaxDepthInter=2_SearchRange=32_TestRect=0.3	0.3846	0.0136	0.0354
QuadtreeTUMaxDepthInter=2_SearchRange=32_TestRect=0	0.5375	0.0206	0.0383
QuadtreeTUMaxDepthInter=2_TestRect=0.4	0.3564	0.0110	0.0309
BipredSearchRange=2_QuadtreeTUMaxDepthInter=2_SearchRange=32_TestRect=0.4	0.3979	0.0119	0.0300
QuadtreeTUMaxDepthInter=2_SearchRange=32_TestRect=0.4	0.3869	0.0134	0.0347
BipredSearchRange=2_QuadtreeTUMaxDepthInter=2_TestRect=0.4	0.4203	0.0115	0.0275
QuadtreeTUMaxDepthInter=2_TestRect=0.2	0.4322	0.0167	0.0386
QuadtreeTUMaxDepthInter=2_SearchRange=32_TestRect=0.2	0.4605	0.0161	0.0350
BipredSearchRange=2_QuadtreeTUMaxDepthInter=2_TestRect=0.2	0.4877	0.0152	0.0312
BipredSearchRange=2_QuadtreeTUMaxDepthInter=2_SearchRange=32_TestRect=0.2	0.5768	0.0166	0.0288
QuadtreeTUMaxDepthInter=2_TestRect=0.1	0.4746	0.0179	0.0378
BipredSearchRange=2_QuadtreeTUMaxDepthInter=2_SearchRange=32_TestRect=0.1	0.6093	0.0184	0.0301
BipredSearchRange=0_TestRect=0.1	0.4361	0.0170	0.0390
BipredSearchRange=0_QuadtreeTUMaxDepthInter=2_SearchRange=32_TestRect=0.1	0.6318	0.0205	0.0325
BipredSearchRange=0_QuadtreeTUMaxDepthInter=2_TestRect=0.1	0.4899	0.0189	0.0385
BipredSearchRange=0_QuadtreeTUMaxDepthInter=2_TestRect=0	0.5686	0.0219	0.0385
BipredSearchRange=2_QuadtreeTUMaxDepthInter=2_TestRect=0.1	0.4482	0.0173	0.0387
BipredSearchRange=0_QuadtreeTUMaxDepthInter=2_SearchRange=32_TestRect=0	0.5582	0.0225	0.0403
BipredSearchRange=0_QuadtreeTUMaxDepthInter=2_SearchRange=32_TestRect=0.7	0.4460	0.0071	0.0158
BipredSearchRange=0_QuadtreeTUMaxDepthInter=2_SearchRange=32_TestRect=0.3	0.5313	0.0146	0.0275
BipredSearchRange=0_QuadtreeTUMaxDepthInter=2_SearchRange=32_TestRect=0.2	0.5178	0.0171	0.0331
BipredSearchRange=0_QuadtreeTUMaxDepthInter=2_SearchRange=32_TestRect=0.9	0.4075	0.0038	0.0092
BipredSearchRange=0_QuadtreeTUMaxDepthInter=2_SearchRange=32_TestRect=0.8	0.2854	0.0051	0.0180
SearchRange=8_TestRect=0.1	0.3043	0.0157	0.0517
QuadtreeTUMaxDepthInter=2_SearchRange=8_TestRect=0.1	0.5081	0.0187	0.0367
BipredSearchRange=0_QuadtreeTUMaxDepthInter=2_SearchRange=8_TestRect=0.1	0.5810	0.0195	0.0335
BipredSearchRange=2_QuadtreeTUMaxDepthInter=2_SearchRange=8_TestRect=0.1	0.6150	0.0200	0.0325
QuadtreeTUMaxDepthInter=2_SearchRange=8_TestRect=0.2	0.4088	0.0166	0.0405
BipredSearchRange=2_QuadtreeTUMaxDepthInter=2_SearchRange=8_TestRect=0.2	0.5648	0.0176	0.0311
BipredSearchRange=2_QuadtreeTUMaxDepthInter=2_SearchRange=8_TestRect=0	0.5669	0.0232	0.0409
BipredSearchRange=0_QuadtreeTUMaxDepthInter=2_SearchRange=8_TestRect=0	0.6062	0.0226	0.0373
BipredSearchRange=2_QuadtreeTUMaxDepthInter=2_SearchRange=8_TestRect=0.7	0.3176	0.0076	0.0240
BipredSearchRange=2_QuadtreeTUMaxDepthInter=2_SearchRange=8_TestRect=0.6	0.3195	0.0117	0.0365
BipredSearchRange=2_QuadtreeTUMaxDepthInter=2_SearchRange=8_TestRect=0.3	0.5194	0.0154	0.0296
BipredSearchRange=2_QuadtreeTUMaxDepthInter=2_SearchRange=8_TestRect=0.9	0.2837	0.0031	0.0110
BipredSearchRange=2_QuadtreeTUMaxDepthInter=2_SearchRange=8_TestRect=0.8	0.2734	0.0057	0.0207
QuadtreeTUMaxDepthInter=1_TestRect=0.1	0.6128	0.0286	0.0466
BipredSearchRange=0_QuadtreeTUMaxDepthInter=1_SearchRange=8_TestRect=0.1	0.6873	0.0335	0.0487
BipredSearchRange=2_QuadtreeTUMaxDepthInter=1_SearchRange=8_TestRect=0.1	0.5882	0.0311	0.0529
BipredSearchRange=2_QuadtreeTUMaxDepthInter=1_SearchRange=8_TestRect=0.7	0.3977	0.0126	0.0316
BipredSearchRange=2_QuadtreeTUMaxDepthInter=1_SearchRange=8_TestRect=0.3	0.5140	0.0216	0.0421
BipredSearchRange=2_QuadtreeTUMaxDepthInter=1_SearchRange=8_TestRect=0.9	0.3034	0.0090	0.0297
BipredSearchRange=2_QuadtreeTUMaxDepthInter=1_SearchRange=32_TestRect=0.3	0.4960	0.0197	0.0398
BipredSearchRange=2_QuadtreeTUMaxDepthInter=1_SearchRange=32_TestRect=0.9	0.3051	0.0056	0.0184
BipredSearchRange=2_QuadtreeTUMaxDepthInter=1_SearchRange=8_TestRect=0.8	0.3634	0.0096	0.0265
BipredSearchRange=2_QuadtreeTUMaxDepthInter=1_SearchRange=32_TestRect=0.8	0.4161	0.0086	0.0207
BipredSearchRange=0_QuadtreeTUMaxDepthInter=1_SearchRange=8_TestRect=0.7	0.3806	0.0145	0.0380
BipredSearchRange=0_QuadtreeTUMaxDepthInter=1_SearchRange=8_TestRect=0.3	0.6253	0.0254	0.0407
BipredSearchRange=0_QuadtreeTUMaxDepthInter=2_SearchRange=8_TestRect=0.3	0.4659	0.0165	0.0353
BipredSearchRange=0_QuadtreeTUMaxDepthInter=2_SearchRange=8_TestRect=0.2	0.5588	0.0196	0.0352
BipredSearchRange=0_QuadtreeTUMaxDepthInter=1_SearchRange=8_TestRect=0.9	0.2600	0.0113	0.0435
BipredSearchRange=2_QuadtreeTUMaxDepthInter=2_SearchRange=8_TestRect=0.4	0.4333	0.0150	0.0347
BipredSearchRange=0_QuadtreeTUMaxDepthInter=1_SearchRange=8_TestRect=0.8	0.3944	0.0133	0.0337
BipredSearchRange=0_QuadtreeTUMaxDepthInter=2_SearchRange=32_TestRect=0.4	0.4404	0.0152	0.0345
SearchRange=8_TestRect=0.5	0.2030	0.0086	0.0425
BipredSearchRange=2_QuadtreeTUMaxDepthInter=2_SearchRange=8_TestRect=0.5	0.3765	0.0128	0.0341
BipredSearchRange=2_QuadtreeTUMaxDepthInter=1_SearchRange=8_TestRect=0.5	0.5594	0.0190	0.0339
BipredSearchRange=0_TestRect=0.5	0.2848	0.0093	0.0326
BipredSearchRange=0_QuadtreeTUMaxDepthInter=2_SearchRange=32_TestRect=0.5	0.4142	0.0118	0.0286
BipredSearchRange=0_SearchRange=8_TestRect=0.5	0.2944	0.0107	0.0363
BipredSearchRange=0_QuadtreeTUMaxDepthInter=2_TestRect=0.5	0.2667	0.0130	0.0489
BipredSearchRange=0_QuadtreeTUMaxDepthInter=1_SearchRange=8_TestRect=0.5	0.4461	0.0224	0.0502
BipredSearchRange=0_SearchRange=32_TestRect=0.3	0.3193	0.0137	0.0429
BipredSearchRange=0_SearchRange=32_TestRect=0.5	0.2167	0.0109	0.0504
BipredSearchRange=2_SearchRange=8_TestRect=0.3	0.3674	0.0120	0.0325
BipredSearchRange=0_QuadtreeTUMaxDepthInter=2_SearchRange=8_TestRect=0.5	0.5077	0.0139	0.0275
BipredSearchRange=0_QuadtreeTUMaxDepthInter=1_SearchRange=32_TestRect=0.3	0.6206	0.0236	0.0380
BipredSearchRange=0_QuadtreeTUMaxDepthInter=1_SearchRange=32_TestRect=0.1	0.6830	0.0319	0.0467
BipredSearchRange=0_QuadtreeTUMaxDepthInter=1_SearchRange=32_TestRect=0.7	0.2712	0.0111	0.0410
BipredSearchRange=0_QuadtreeTUMaxDepthInter=1_SearchRange=32_TestRect=0.9	0.3246	0.0094	0.0289
BipredSearchRange=0_QuadtreeTUMaxDepthInter=1_SearchRange=32_TestRect=0.8	0.4522	0.0110	0.0244
QuadtreeTUMaxDepthInter=1_TestRect=0.5	0.3627	0.0189	0.0521
BipredSearchRange=2_QuadtreeTUMaxDepthInter=1_TestRect=0.5	0.4518	0.0201	0.0445
QuadtreeTUMaxDepthInter=1_SearchRange=8_TestRect=0.5	0.3844	0.0188	0.0489
BipredSearchRange=0_QuadtreeTUMaxDepthInter=1_TestRect=0.5	0.2857	0.0196	0.0687
BipredSearchRange=2_QuadtreeTUMaxDepthInter=1_SearchRange=32_TestRect=0.5	0.5529	0.0191	0.0345
BipredSearchRange=0_QuadtreeTUMaxDepthInter=1_SearchRange=32_TestRect=0.5	0.4659	0.0203	0.0436
BipredSearchRange=0_SearchRange=8	0.0001	0.0029	29.4229
BipredSearchRange=0_QuadtreeTUMaxDepthInter=2_SearchRange=8	0.2009	0.0037	0.0183
BipredSearchRange=0_SearchRange=8_TestRect=0.9	0.1824	0.0066	0.0361
BipredSearchRange=0_QuadtreeTUMaxDepthInter=2_SearchRange=8_TestRect=0.9	0.2626	0.0070	0.0265
BipredSearchRange=2_SearchRange=8_TestRect=0.8	0.3547	0.0040	0.0113
BipredSearchRange=0_QuadtreeTUMaxDepthInter=2_SearchRange=8_TestRect=0.6	0.3299	0.0106	0.0320
QuadtreeTUMaxDepthInter=1_SearchRange=8	0.2420	0.0061	0.0253
QuadtreeTUMaxDepthInter=1_SearchRange=8_TestRect=0.8	0.2440	0.0114	0.0466
BipredSearchRange=0_QuadtreeTUMaxDepthInter=1	0.0763	0.0057	0.0750
BipredSearchRange=0_QuadtreeTUMaxDepthInter=1_TestRect=0.7	0.4516	0.0118	0.0261
AMP=0_BipredSearchRange=0	0.1454	0.0103	0.0709
AMP=0_BipredSearchRange=0_SearchRange=32_TestRect=0.3	0.5794	0.0274	0.0473
AMP=0_BipredSearchRange=0_SearchRange=32	0.1963	0.0093	0.0475
AMP=0_BipredSearchRange=0_QuadtreeTUMaxDepthInter=2_SearchRange=32_TestRect=0.6	0.5478	0.0206	0.0377
AMP=0_BipredSearchRange=0_SearchRange=32_TestRect=0.5	0.3906	0.0213	0.0546
AMP=0_BipredSearchRange=0_QuadtreeTUMaxDepthInter=1_SearchRange=32_TestRect=0.9	0.4736	0.0172	0.0364
AMP=0_BipredSearchRange=2_QuadtreeTUMaxDepthInter=1_SearchRange=8_TestRect=0.8	0.4068	0.0188	0.0463
AMP=0_BipredSearchRange=0_QuadtreeTUMaxDepthInter=2_SearchRange=8_TestRect=0.6	0.4015	0.0209	0.0522
AMP=0_BipredSearchRange=0_SearchRange=8_TestRect=0.5	0.3763	0.0224	0.0595
AMP=0_BipredSearchRange=2_SearchRange=32_TestRect=0.3	0.4354	0.0250	0.0573
AMP=0_BipredSearchRange=2_TestRect=0.3	0.4256	0.0244	0.0573
AMP=0_BipredSearchRange=2_QuadtreeTUMaxDepthInter=2_SearchRange=32_TestRect=0.1	0.6431	0.0330	0.0513
AMP=0_BipredSearchRange=2_QuadtreeTUMaxDepthInter=2_SearchRange=8_TestRect=0.2	0.5621	0.0317	0.0564
AMP=0_BipredSearchRange=0_QuadtreeTUMaxDepthInter=2_SearchRange=8_TestRect=0.1	0.6134	0.0335	0.0545
AMP=0_BipredSearchRange=2_QuadtreeTUMaxDepthInter=1_SearchRange=8_TestRect=0.5	0.3883	0.0302	0.0778
AMP=0_BipredSearchRange=2_QuadtreeTUMaxDepthInter=2_SearchRange=32_TestRect=0	0.6390	0.0380	0.0594
AMP=0_BipredSearchRange=0_QuadtreeTUMaxDepthInter=2_SearchRange=32_TestRect=0.5	0.4415	0.0224	0.0507
AMP=0_BipredSearchRange=2_QuadtreeTUMaxDepthInter=1_SearchRange=8_TestRect=0.3	0.5648	0.0336	0.0594
AMP=0_BipredSearchRange=0_QuadtreeTUMaxDepthInter=2_SearchRange=32_TestRect=0	0.6524	0.0393	0.0603
AMP=0_BipredSearchRange=0_QuadtreeTUMaxDepthInter=2_SearchRange=8_TestRect=0.5	0.4317	0.0209	0.0483
AMP=0_BipredSearchRange=0_QuadtreeTUMaxDepthInter=1_SearchRange=8_TestRect=0.5	0.5620	0.0327	0.0582
AMP=0_BipredSearchRange=0_QuadtreeTUMaxDepthInter=2_SearchRange=8_TestRect=0	0.7046	0.0398	0.0565
AMP=0_BipredSearchRange=2_QuadtreeTUMaxDepthInter=2_SearchRange=8_TestRect=0.3	0.6180	0.0270	0.0436
AMP=0_BipredSearchRange=2_QuadtreeTUMaxDepthInter=1_SearchRange=32_TestRect=0.3	0.6584	0.0317	0.0482
AMP=0_BipredSearchRange=0_QuadtreeTUMaxDepthInter=1_SearchRange=8_TestRect=0.3	0.4961	0.0364	0.0733
AMP=0_BipredSearchRange=0_QuadtreeTUMaxDepthInter=1_SearchRange=32_TestRect=0.3	0.5776	0.0337	0.0583
AMP=0_BipredSearchRange=0_QuadtreeTUMaxDepthInter=2_SearchRange=32_TestRect=0.3	0.6296	0.0265	0.0421
AMP=0_BipredSearchRange=2_QuadtreeTUMaxDepthInter=1_SearchRange=8_TestRect=0.1	0.6562	0.0453	0.0690
AMP=0_BipredSearchRange=0_QuadtreeTUMaxDepthInter=1_SearchRange=32_TestRect=0.1	0.6856	0.0460	0.0672
AMP=0_BipredSearchRange=0_QuadtreeTUMaxDepthInter=1_SearchRange=8_TestRect=0.1	0.6020	0.0459	0.0763
AMP=0_BipredSearchRange=0_QuadtreeTUMaxDepthInter=1_SearchRange=32_TestRect=0.7	0.4666	0.0212	0.0454
AMP=0_BipredSearchRange=0_QuadtreeTUMaxDepthInter=1_SearchRange=32_TestRect=0.5	0.5187	0.0305	0.0588
AMP=0_BipredSearchRange=0_QuadtreeTUMaxDepthInter=1_SearchRange=32_TestRect=0.8	0.5440	0.0185	0.0341
AMP=0_BipredSearchRange=0_QuadtreeTUMaxDepthInter=2_SearchRange=32_TestRect=0.1	0.6374	0.0339	0.0531
AMP=0_BipredSearchRange=0_QuadtreeTUMaxDepthInter=2_SearchRange=32_TestRect=0.7	0.3658	0.0144	0.0394
AMP=0_BipredSearchRange=0_QuadtreeTUMaxDepthInter=1_SearchRange=8_TestRect=0.7	0.4445	0.0217	0.0488
AMP=0_BipredSearchRange=0_QuadtreeTUMaxDepthInter=2_SearchRange=32_TestRect=0.9	0.3210	0.0109	0.0341
AMP=0_BipredSearchRange=0_QuadtreeTUMaxDepthInter=2_SearchRange=32_TestRect=0.4	0.5416	0.0261	0.0482
AMP=0_BipredSearchRange=0_QuadtreeTUMaxDepthInter=2_SearchRange=32_TestRect=0.8	0.3947	0.0134	0.0338
AMP=0_BipredSearchRange=0_QuadtreeTUMaxDepthInter=1_SearchRange=8_TestRect=0.9	0.3893	0.0181	0.0465
AMP=0_BipredSearchRange=2_QuadtreeTUMaxDepthInter=1_SearchRange=8_TestRect=0	0.7595	0.0508	0.0669
AMP=0_BipredSearchRange=0_QuadtreeTUMaxDepthInter=1_SearchRange=8_TestRect=0.8	0.5507	0.0201	0.0365
AMP=0_BipredSearchRange=2_QuadtreeTUMaxDepthInter=2_SearchRange=32_TestRect=0.7	0.1814	0.0139	0.0767
AMP=0_BipredSearchRange=2_QuadtreeTUMaxDepthInter=2_SearchRange=32_TestRect=0.3	0.4668	0.0243	0.0521
AMP=0_BipredSearchRange=2_QuadtreeTUMaxDepthInter=2_SearchRange=32_TestRect=0.9	0.3452	0.0124	0.0358
AMP=0_BipredSearchRange=2_QuadtreeTUMaxDepthInter=1_SearchRange=8_TestRect=0.7	0.5556	0.0219	0.0394
AMP=0_BipredSearchRange=2_QuadtreeTUMaxDepthInter=2_SearchRange=8_TestRect=0.5	0.3435	0.0218	0.0636
AMP=0_BipredSearchRange=2_QuadtreeTUMaxDepthInter=2_SearchRange=32_TestRect=0.8	0.4077	0.0135	0.0331
AMP=0_BipredSearchRange=0_QuadtreeTUMaxDepthInter=2_SearchRange=8_TestRect=0.7	0.2966	0.0160	0.0538
AMP=0_BipredSearchRange=0_QuadtreeTUMaxDepthInter=2_SearchRange=32_TestRect=0.2	0.6728	0.0317	0.0471
AMP=0_BipredSearchRange=0_QuadtreeTUMaxDepthInter=2_SearchRange=8_TestRect=0.3	0.5297	0.0276	0.0521
AMP=0_BipredSearchRange=0_QuadtreeTUMaxDepthInter=2_SearchRange=8_TestRect=0.2	0.6740	0.0321	0.0476
AMP=0_BipredSearchRange=0_QuadtreeTUMaxDepthInter=2_SearchRange=8_TestRect=0.9	0.2014	0.0143	0.0711
AMP=0_BipredSearchRange=0_QuadtreeTUMaxDepthInter=2_SearchRange=8_TestRect=0.8	0.3790	0.0165	0.0435
AMP=0_BipredSearchRange=2_QuadtreeTUMaxDepthInter=2_SearchRange=32_TestRect=0.2	0.5967	0.0310	0.0520
AMP=0_BipredSearchRange=0_QuadtreeTUMaxDepthInter=1_SearchRange=8_TestRect=0	0.7062	0.0523	0.0741
AMP=0_BipredSearchRange=0_QuadtreeTUMaxDepthInter=1_SearchRange=8_TestRect=0.6	0.4766	0.0285	0.0597
AMP=0_BipredSearchRange=0_QuadtreeTUMaxDepthInter=1_SearchRange=8_TestRect=0.4	0.6062	0.0346	0.0571
AMP=0_BipredSearchRange=0_QuadtreeTUMaxDepthInter=1_SearchRange=8_TestRect=0.2	0.6335	0.0435	0.0686
AMP=0_BipredSearchRange=0_QuadtreeTUMaxDepthInter=1_SearchRange=32_TestRect=0	0.7039	0.0507	0.0720
AMP=0_BipredSearchRange=0_QuadtreeTUMaxDepthInter=1_SearchRange=32_TestRect=0.6	0.3562	0.0267	0.0749
AMP=0_BipredSearchRange=0_QuadtreeTUMaxDepthInter=1_SearchRange=32_TestRect=0.4	0.4781	0.0345	0.0721
AMP=0_BipredSearchRange=0_QuadtreeTUMaxDepthInter=1_SearchRange=32_TestRect=0.2	0.5668	0.0432	0.0762
AMP=0_QuadtreeTUMaxDepthInter=1	0.2392	0.0110	0.0460
AMP=0_BipredSearchRange=2_QuadtreeTUMaxDepthInter=1_TestRect=0.3	0.6566	0.0339	0.0517
AMP=0_QuadtreeTUMaxDepthInter=2_TestRect=0.4	0.4284	0.0245	0.0572
AMP=0_BipredSearchRange=2_QuadtreeTUMaxDepthInter=2_SearchRange=8_TestRect=0.4	0.5273	0.0259	0.0491
AMP=0_BipredSearchRange=2_QuadtreeTUMaxDepthInter=2_SearchRange=32_TestRect=0.4	0.6034	0.0237	0.0394
AMP=0_BipredSearchRange=2_QuadtreeTUMaxDepthInter=2_TestRect=0.4	0.5942	0.0245	0.0412
QuadtreeTUMaxDepthInter=1_RefFrames=3	0.3965	0.0120	0.0302
BipredSearchRange=0_QuadtreeTUMaxDepthInter=1_RefFrames=3_TestRect=0.7	0.5147	0.0179	0.0348
BipredSearchRange=0_QuadtreeTUMaxDepthInter=1_RefFrames=3_SearchRange=32_TestRect=0.5	0.5368	0.0285	0.0532
BipredSearchRange=2_QuadtreeTUMaxDepthInter=1_RefFrames=3_SearchRange=32_TestRect=0.4	0.6498	0.0294	0.0453
BipredSearchRange=2_QuadtreeTUMaxDepthInter=1_RefFrames=3_SearchRange=8_TestRect=0.3	0.6680	0.0282	0.0423
AMP=0_BipredSearchRange=2_QuadtreeTUMaxDepthInter=2_RefFrames=3_SearchRange=32_TestRect=0.9	0.4052	0.0168	0.0414
BipredSearchRange=2_QuadtreeTUMaxDepthInter=1_RefFrames=3_SearchRange=8_TestRect=0.7	0.5747	0.0181	0.0315
QuadtreeTUMaxDepthInter=2_RefFrames=3_TestRect=0.3	0.5878	0.0180	0.0306
BipredSearchRange=2_QuadtreeTUMaxDepthInter=2_RefFrames=3_SearchRange=8_TestRect=0.5	0.5724	0.0177	0.0309
AMP=0_BipredSearchRange=0_QuadtreeTUMaxDepthInter=2_RefFrames=3_SearchRange=32_TestRect=0.1	0.5783	0.0388	0.0670
AMP=0_BipredSearchRange=0_QuadtreeTUMaxDepthInter=2_RefFrames=3_SearchRange=32_TestRect=0.2	0.5749	0.0376	0.0655
AMP=0_BipredSearchRange=0_QuadtreeTUMaxDepthInter=1_RefFrames=3_SearchRange=32_TestRect=0.9	0.4593	0.0212	0.0462
AMP=0_BipredSearchRange=2_QuadtreeTUMaxDepthInter=2_RefFrames=3_SearchRange=32_TestRect=0.1	0.6821	0.0398	0.0583
BipredSearchRange=0_QuadtreeTUMaxDepthInter=1_RefFrames=3_SearchRange=8_TestRect=0.7	0.5762	0.0192	0.0334
BipredSearchRange=2_QuadtreeTUMaxDepthInter=2_RefFrames=3_SearchRange=8_TestRect=0.3	0.4791	0.0193	0.0403
BipredSearchRange=2_QuadtreeTUMaxDepthInter=2_RefFrames=3_SearchRange=8_TestRect=0.1	0.6737	0.0258	0.0384
AMP=0_BipredSearchRange=0_QuadtreeTUMaxDepthInter=1_RefFrames=3_SearchRange=8_TestRect=0.9	0.5932	0.0220	0.0370
BipredSearchRange=0_QuadtreeTUMaxDepthInter=2_RefFrames=3_TestRect=0.3	0.4817	0.0212	0.0439
AMP=0_BipredSearchRange=2_QuadtreeTUMaxDepthInter=1_RefFrames=3_SearchRange=8_TestRect=0.7	0.6209	0.0262	0.0423
BipredSearchRange=2_QuadtreeTUMaxDepthInter=2_RefFrames=3_SearchRange=32_TestRect=0.1	0.6670	0.0221	0.0331
BipredSearchRange=2_QuadtreeTUMaxDepthInter=1_RefFrames=3_SearchRange=8_TestRect=0	0.7412	0.0404	0.0545
AMP=0_BipredSearchRange=0_QuadtreeTUMaxDepthInter=1_RefFrames=3_SearchRange=32_TestRect=0.8	0.5006	0.0244	0.0488
BipredSearchRange=0_QuadtreeTUMaxDepthInter=2_RefFrames=3_SearchRange=8_TestRect=0.1	0.6779	0.0254	0.0374
BipredSearchRange=0_QuadtreeTUMaxDepthInter=1_RefFrames=3_SearchRange=8_TestRect=0.5	0.6298	0.0280	0.0444
BipredSearchRange=0_QuadtreeTUMaxDepthInter=2_RefFrames=3_SearchRange=8_TestRect=0.2	0.6551	0.0248	0.0379
BipredSearchRange=2_QuadtreeTUMaxDepthInter=1_RefFrames=3_SearchRange=32_TestRect=0.3	0.6643	0.0273	0.0410
AMP=0_BipredSearchRange=0_QuadtreeTUMaxDepthInter=2_RefFrames=3_SearchRange=32_TestRect=0.3	0.4999	0.0326	0.0652
AMP=0_BipredSearchRange=0_QuadtreeTUMaxDepthInter=2_RefFrames=3_SearchRange=8_TestRect=0.3	0.5810	0.0334	0.0575
BipredSearchRange=2_QuadtreeTUMaxDepthInter=2_RefFrames=3_SearchRange=32_TestRect=0	0.6948	0.0262	0.0377
AMP=0_BipredSearchRange=0_QuadtreeTUMaxDepthInter=1_RefFrames=3_SearchRange=32_TestRect=0.7	0.5215	0.0275	0.0527
AMP=0_BipredSearchRange=0_QuadtreeTUMaxDepthInter=1_RefFrames=3_SearchRange=32_TestRect=0.5	0.5532	0.0372	0.0673
AMP=0_BipredSearchRange=2_QuadtreeTUMaxDepthInter=1_RefFrames=3_SearchRange=8_TestRect=0.3	0.7119	0.0382	0.0537
AMP=0_BipredSearchRange=2_QuadtreeTUMaxDepthInter=2_RefFrames=3_SearchRange=32_TestRect=0	0.7455	0.0434	0.0582
AMP=0_BipredSearchRange=0_QuadtreeTUMaxDepthInter=1_RefFrames=3_SearchRange=8_TestRect=0.7	0.6298	0.0287	0.0455
AMP=0_BipredSearchRange=0_QuadtreeTUMaxDepthInter=2_RefFrames=3_SearchRange=32_TestRect=0.5	0.5128	0.0282	0.0551
AMP=0_BipredSearchRange=0_QuadtreeTUMaxDepthInter=1_RefFrames=3_SearchRange=8_TestRect=0.5	0.5813	0.0401	0.0690
AMP=0_BipredSearchRange=0_QuadtreeTUMaxDepthInter=2_RefFrames=3_SearchRange=32_TestRect=0	0.6845	0.0443	0.0647
AMP=0_BipredSearchRange=0_QuadtreeTUMaxDepthInter=2_RefFrames=3_SearchRange=8_TestRect=0.5	0.6293	0.0312	0.0495
BipredSearchRange=0_QuadtreeTUMaxDepthInter=2_RefFrames=3_SearchRange=32_TestRect=0	0.6200	0.0286	0.0462
BipredSearchRange=0_QuadtreeTUMaxDepthInter=2_RefFrames=3_SearchRange=8_TestRect=0	0.6231	0.0293	0.0471
AMP=0_BipredSearchRange=0_QuadtreeTUMaxDepthInter=2_RefFrames=3_SearchRange=8_TestRect=0.2	0.6419	0.0386	0.0602
AMP=0_BipredSearchRange=2_QuadtreeTUMaxDepthInter=2_RefFrames=3_SearchRange=32_TestRect=0.4	0.6360	0.0298	0.0468
AMP=0_BipredSearchRange=0_QuadtreeTUMaxDepthInter=2_RefFrames=3_SearchRange=32_TestRect=0.4	0.5420	0.0311	0.0573
AMP=0_BipredSearchRange=2_QuadtreeTUMaxDepthInter=2_RefFrames=3_SearchRange=32_TestRect=0.3	0.6184	0.0301	0.0487
BipredSearchRange=0_QuadtreeTUMaxDepthInter=1_RefFrames=3_SearchRange=8_TestRect=0.3	0.6757	0.0323	0.0478
AMP=0_BipredSearchRange=0_QuadtreeTUMaxDepthInter=2_RefFrames=3_SearchRange=8_TestRect=0.1	0.6803	0.0411	0.0604
AMP=0_BipredSearchRange=2_QuadtreeTUMaxDepthInter=2_RefFrames=3_SearchRange=8_TestRect=0.1	0.7233	0.0383	0.0530
AMP=0_BipredSearchRange=2_QuadtreeTUMaxDepthInter=2_RefFrames=3_SearchRange=8_TestRect=0.4	0.6511	0.0314	0.0483
AMP=0_BipredSearchRange=0_QuadtreeTUMaxDepthInter=1_RefFrames=3_SearchRange=32_TestRect=0.6	0.5736	0.0336	0.0585
AMP=0_BipredSearchRange=2_QuadtreeTUMaxDepthInter=1_RefFrames=3_SearchRange=32_TestRect=0.3	0.6627	0.0383	0.0578
AMP=0_BipredSearchRange=0_QuadtreeTUMaxDepthInter=1_RefFrames=3_SearchRange=32_TestRect=0.3	0.6866	0.0402	0.0586
AMP=0_BipredSearchRange=0_QuadtreeTUMaxDepthInter=1_RefFrames=3_SearchRange=8_TestRect=0.6	0.6061	0.0346	0.0571
AMP=0_BipredSearchRange=0_QuadtreeTUMaxDepthInter=1_RefFrames=3_SearchRange=32_TestRect=0.1	0.7081	0.0525	0.0742
BipredSearchRange=0_QuadtreeTUMaxDepthInter=1_RefFrames=3_SearchRange=32_TestRect=0.1	0.7219	0.0377	0.0522
AMP=0_BipredSearchRange=0_QuadtreeTUMaxDepthInter=2_RefFrames=3_SearchRange=8_TestRect=0	0.7354	0.0459	0.0625
AMP=0_BipredSearchRange=2_QuadtreeTUMaxDepthInter=1_RefFrames=3_SearchRange=32_TestRect=0.4	0.6112	0.0391	0.0639
AMP=0_BipredSearchRange=0_QuadtreeTUMaxDepthInter=2_RefFrames=3_SearchRange=8_TestRect=0.7	0.5800	0.0234	0.0404
BipredSearchRange=2_QuadtreeTUMaxDepthInter=2_RefFrames=3_SearchRange=32_TestRect=0.4	0.5119	0.0178	0.0347
BipredSearchRange=0_QuadtreeTUMaxDepthInter=1_RefFrames=3_SearchRange=32_TestRect=0.7	0.4693	0.0181	0.0386
BipredSearchRange=2_QuadtreeTUMaxDepthInter=2_RefFrames=3_SearchRange=32_TestRect=0.3	0.6045	0.0188	0.0310
BipredSearchRange=2_QuadtreeTUMaxDepthInter=1_RefFrames=3_SearchRange=8_TestRect=0.5	0.6201	0.0263	0.0425
AMP=0_BipredSearchRange=2_QuadtreeTUMaxDepthInter=1_RefFrames=3_SearchRange=8_TestRect=0.8	0.6045	0.0258	0.0426
BipredSearchRange=0_QuadtreeTUMaxDepthInter=2_RefFrames=3_SearchRange=32_TestRect=0.1	0.6783	0.0251	0.0370
AMP=0_BipredSearchRange=2_QuadtreeTUMaxDepthInter=1_RefFrames=3_SearchRange=8_TestRect=0.5	0.6535	0.0377	0.0576
AMP=0_BipredSearchRange=2_QuadtreeTUMaxDepthInter=1_RefFrames=3_SearchRange=8_TestRect=0.1	0.6938	0.0508	0.0732
AMP=0_BipredSearchRange=2_QuadtreeTUMaxDepthInter=2_RefFrames=3_SearchRange=8_TestRect=0.2	0.6173	0.0365	0.0592
AMP=0_BipredSearchRange=0_QuadtreeTUMaxDepthInter=1_RefFrames=3_SearchRange=8_TestRect=0.3	0.6833	0.0421	0.0615
AMP=0_BipredSearchRange=0_QuadtreeTUMaxDepthInter=1_RefFrames=3_SearchRange=8_TestRect=0.1	0.7703	0.0528	0.0686
AMP=0_BipredSearchRange=0_QuadtreeTUMaxDepthInter=1_RefFrames=3_SearchRange=8_TestRect=0.4	0.7058	0.0421	0.0597
AMP=0_BipredSearchRange=2_QuadtreeTUMaxDepthInter=1_RefFrames=3_SearchRange=32_TestRect=0.7	0.4911	0.0247	0.0503
AMP=0_BipredSearchRange=2_QuadtreeTUMaxDepthInter=1_RefFrames=3_SearchRange=32_TestRect=0.9	0.5843	0.0216	0.0370
AMP=0_BipredSearchRange=2_QuadtreeTUMaxDepthInter=1_RefFrames=3_SearchRange=32_TestRect=0.8	0.5937	0.0227	0.0382
AMP=0_BipredSearchRange=2_QuadtreeTUMaxDepthInter=2_RefFrames=3_SearchRange=8_TestRect=0	0.6792	0.0443	0.0652
AMP=0_BipredSearchRange=2_QuadtreeTUMaxDepthInter=2_RefFrames=3_SearchRange=32_TestRect=0.7	0.5188	0.0214	0.0412
AMP=0_BipredSearchRange=2_QuadtreeTUMaxDepthInter=2_RefFrames=3_SearchRange=32_TestRect=0.8	0.5547	0.0184	0.0332
AMP=0_BipredSearchRange=2_QuadtreeTUMaxDepthInter=1_RefFrames=3_SearchRange=8_TestRect=0	0.7867	0.0573	0.0728
AMP=0_BipredSearchRange=0_QuadtreeTUMaxDepthInter=1_RefFrames=3_SearchRange=32_TestRect=0.2	0.7522	0.0496	0.0659
AMP=0_BipredSearchRange=0_QuadtreeTUMaxDepthInter=1_RefFrames=3_SearchRange=8_TestRect=0.2	0.7535	0.0506	0.0672
AMP=0_BipredSearchRange=0_QuadtreeTUMaxDepthInter=1_RefFrames=3_SearchRange=32_TestRect=0	0.7331	0.0581	0.0793
AMP=0_BipredSearchRange=0_QuadtreeTUMaxDepthInter=1_RefFrames=3_SearchRange=32_TestRect=0.4	0.6184	0.0413	0.0668
AMP=0_BipredSearchRange=0_QuadtreeTUMaxDepthInter=1_RefFrames=3_SearchRange=8_TestRect=0	0.7411	0.0584	0.0788
AMP=0_RefFrames=3	0.4024	0.0130	0.0322
AMP=0_QuadtreeTUMaxDepthInter=2_RefFrames=3_TestRect=0.3	0.5461	0.0306	0.0561
AMP=0_BipredSearchRange=2_QuadtreeTUMaxDepthInter=2_RefFrames=3_SearchRange=8_TestRect=0.5	0.5888	0.0269	0.0457
AMP=0_BipredSearchRange=2_QuadtreeTUMaxDepthInter=2_RefFrames=3_TestRect=0.3	0.5510	0.0312	0.0566
AMP=0_BipredSearchRange=0_QuadtreeTUMaxDepthInter=2_RefFrames=3_TestRect=0.5	0.6209	0.0277	0.0445
AMP=0_BipredSearchRange=2_QuadtreeTUMaxDepthInter=2_RefFrames=3_SearchRange=8_TestRect=0.3	0.5753	0.0327	0.0568
AMP=0_BipredSearchRange=2_QuadtreeTUMaxDepthInter=2_RefFrames=3_SearchRange=32_TestRect=0.2	0.6707	0.0363	0.0541
AMP=0_HadamardME=0	0.0874	0.0187	0.2142
AMP=0_BipredSearchRange=2_HadamardME=0_QuadtreeTUMaxDepthInter=2_RefFrames=3_SearchRange=32_TestRect=0.8	0.5616	0.0301	0.0537
AMP=0_BipredSearchRange=0_HadamardME=0_QuadtreeTUMaxDepthInter=1_SearchRange=32_TestRect=0.8	0.5757	0.0303	0.0527
AMP=0_HadamardME=0_QuadtreeTUMaxDepthInter=2_SearchRange=8_TestRect=0.1	0.6624	0.0402	0.0606
AMP=0_BipredSearchRange=2_HadamardME=0_QuadtreeTUMaxDepthInter=2_RefFrames=3_SearchRange=32_TestRect=0.3	0.6468	0.0416	0.0643
AMP=0_HadamardME=0_QuadtreeTUMaxDepthInter=1_SearchRange=8_TestRect=0.5	0.5759	0.0423	0.0734
AMP=0_BipredSearchRange=2_HadamardME=0_QuadtreeTUMaxDepthInter=1_SearchRange=8_TestRect=0.8	0.6131	0.0295	0.0480
AMP=0_BipredSearchRange=2_HadamardME=0_QuadtreeTUMaxDepthInter=1_RefFrames=3_SearchRange=8_TestRect=0.8	0.5948	0.0373	0.0627
AMP=0_BipredSearchRange=2_HadamardME=0_QuadtreeTUMaxDepthInter=2_RefFrames=3_SearchRange=32_TestRect=0.4	0.7174	0.0416	0.0580
AMP=0_BipredSearchRange=2_HadamardME=0_QuadtreeTUMaxDepthInter=2_SearchRange=8_TestRect=0.8	0.5957	0.0253	0.0425
AMP=0_BipredSearchRange=2_HadamardME=0_QuadtreeTUMaxDepthInter=2_RefFrames=3_SearchRange=8_TestRect=0.8	0.6446	0.0311	0.0483
AMP=0_BipredSearchRange=0_HadamardME=0_QuadtreeTUMaxDepthInter=2_RefFrames=3_SearchRange=8_TestRect=0.1	0.7017	0.0496	0.0707
AMP=0_BipredSearchRange=0_HadamardME=0_QuadtreeTUMaxDepthInter=1_SearchRange=8_TestRect=0.3	0.7530	0.0451	0.0599
AMP=0_BipredSearchRange=2_HadamardME=0_QuadtreeTUMaxDepthInter=1_SearchRange=8_TestRect=0.5	0.5928	0.0448	0.0756
AMP=0_BipredSearchRange=0_HadamardME=0_QuadtreeTUMaxDepthInter=1_RefFrames=3_SearchRange=32_TestRect=0.8	0.6550	0.0344	0.0525
AMP=0_BipredSearchRange=2_HadamardME=0_QuadtreeTUMaxDepthInter=1_RefFrames=3_SearchRange=8_TestRect=0.5	0.7372	0.0492	0.0667
AMP=0_BipredSearchRange=0_HadamardME=0_QuadtreeTUMaxDepthInter=1_SearchRange=32_TestRect=0.5	0.6172	0.0425	0.0689
AMP=0_BipredSearchRange=0_HadamardME=0_QuadtreeTUMaxDepthInter=2_RefFrames=3_SearchRange=32_TestRect=0.3	0.5368	0.0419	0.0780
AMP=0_BipredSearchRange=2_HadamardME=0_QuadtreeTUMaxDepthInter=2_RefFrames=3_SearchRange=8_TestRect=0.3	0.5657	0.0424	0.0749
AMP=0_BipredSearchRange=0_HadamardME=0_QuadtreeTUMaxDepthInter=2_RefFrames=3_SearchRange=8_TestRect=0.5	0.6448	0.0381	0.0591
AMP=0_BipredSearchRange=0_HadamardME=0_QuadtreeTUMaxDepthInter=1_RefFrames=3_SearchRange=32_TestRect=0.4	0.7671	0.0519	0.0676
AMP=0_BipredSearchRange=0_HadamardME=0_QuadtreeTUMaxDepthInter=1_RefFrames=3_SearchRange=8_TestRect=0.6	0.6552	0.0463	0.0706
AMP=0_BipredSearchRange=0_HadamardME=0_QuadtreeTUMaxDepthInter=1_RefFrames=3_SearchRange=8_TestRect=0.4	0.7688	0.0547	0.0712
AMP=0_BipredSearchRange=0_HadamardME=0_QuadtreeTUMaxDepthInter=2_RefFrames=3_SearchRange=32_TestRect=0.2	0.6862	0.0465	0.0678
AMP=0_BipredSearchRange=0_HadamardME=0_QuadtreeTUMaxDepthInter=1_RefFrames=3_SearchRange=32_TestRect=0.1	0.8046	0.0621	0.0772
AMP=0_BipredSearchRange=2_HadamardME=0_QuadtreeTUMaxDepthInter=2_RefFrames=3_SearchRange=32_TestRect=0	0.7487	0.0502	0.0670
AMP=0_BipredSearchRange=2_HadamardME=0_QuadtreeTUMaxDepthInter=1_RefFrames=3_SearchRange=8_TestRect=0.3	0.6872	0.0514	0.0748
AMP=0_BipredSearchRange=2_HadamardME=0_QuadtreeTUMaxDepthInter=1_RefFrames=3_SearchRange=32_TestRect=0.3	0.7687	0.0507	0.0660
AMP=0_BipredSearchRange=2_HadamardME=0_QuadtreeTUMaxDepthInter=2_RefFrames=3_SearchRange=8_TestRect=0.1	0.6982	0.0478	0.0684
AMP=0_BipredSearchRange=0_HadamardME=0_QuadtreeTUMaxDepthInter=2_SearchRange=8_TestRect=0.1	0.7556	0.0433	0.0573
AMP=0_BipredSearchRange=0_HadamardME=0_QuadtreeTUMaxDepthInter=1_RefFrames=3_SearchRange=32_TestRect=0.3	0.6931	0.0509	0.0735
AMP=0_BipredSearchRange=2_HadamardME=0_QuadtreeTUMaxDepthInter=1_RefFrames=3_SearchRange=8_TestRect=0	0.8266	0.0672	0.0813
AMP=0_BipredSearchRange=0_HadamardME=0_QuadtreeTUMaxDepthInter=1_RefFrames=3_SearchRange=8_TestRect=0.3	0.7784	0.0504	0.0647
AMP=0_BipredSearchRange=0_HadamardME=0_QuadtreeTUMaxDepthInter=1_RefFrames=3_SearchRange=8_TestRect=0.5	0.7466	0.0503	0.0673
AMP=0_BipredSearchRange=0_HadamardME=0_QuadtreeTUMaxDepthInter=1_RefFrames=3_SearchRange=32_TestRect=0.5	0.7438	0.0480	0.0645
AMP=0_BipredSearchRange=0_HadamardME=0_QuadtreeTUMaxDepthInter=1_RefFrames=3_SearchRange=32_TestRect=0.2	0.7277	0.0610	0.0838
AMP=0_BipredSearchRange=0_HadamardME=0_QuadtreeTUMaxDepthInter=1_SearchRange=32_TestRect=0.2	0.7796	0.0531	0.0681
AMP=0_BipredSearchRange=0_HadamardME=0_QuadtreeTUMaxDepthInter=1_SearchRange=8_TestRect=0.2	0.7839	0.0548	0.0699
AMP=0_BipredSearchRange=2_HadamardME=0_QuadtreeTUMaxDepthInter=1_SearchRange=8_TestRect=0.1	0.7892	0.0568	0.0720
AMP=0_BipredSearchRange=0_HadamardME=0_QuadtreeTUMaxDepthInter=2_RefFrames=3_SearchRange=8_TestRect=0	0.7930	0.0541	0.0682
AMP=0_BipredSearchRange=0_HadamardME=0_QuadtreeTUMaxDepthInter=1_SearchRange=8_TestRect=0.1	0.7983	0.0585	0.0733
AMP=0_BipredSearchRange=0_HadamardME=0_QuadtreeTUMaxDepthInter=1_SearchRange=32_TestRect=0.1	0.7356	0.0566	0.0770
AMP=0_BipredSearchRange=0_HadamardME=0_QuadtreeTUMaxDepthInter=1_RefFrames=3_SearchRange=32_TestRect=0	0.8302	0.0704	0.0848
AMP=0_BipredSearchRange=0_HadamardME=0_QuadtreeTUMaxDepthInter=1_RefFrames=3_SearchRange=32_TestRect=0.6	0.6440	0.0435	0.0675
AMP=0_BipredSearchRange=0_HadamardME=0_QuadtreeTUMaxDepthInter=2_RefFrames=3_SearchRange=32_TestRect=0	0.7140	0.0523	0.0732
AMP=0_BipredSearchRange=2_HadamardME=0_QuadtreeTUMaxDepthInter=2_RefFrames=3_SearchRange=8_TestRect=0	0.7252	0.0523	0.0721
AMP=0_BipredSearchRange=0_HadamardME=0_QuadtreeTUMaxDepthInter=1_RefFrames=3_SearchRange=8_TestRect=0.2	0.7483	0.0612	0.0818
AMP=0_BipredSearchRange=2_HadamardME=0_QuadtreeTUMaxDepthInter=1_RefFrames=3_SearchRange=8_TestRect=0.1	0.8097	0.0631	0.0780
AMP=0_BipredSearchRange=0_HadamardME=0_QuadtreeTUMaxDepthInter=2_RefFrames=3_SearchRange=8_TestRect=0.6	0.6889	0.0379	0.0551
AMP=0_BipredSearchRange=0_HadamardME=0_QuadtreeTUMaxDepthInter=2_RefFrames=3_SearchRange=8_TestRect=0.4	0.7244	0.0411	0.0567
AMP=0_BipredSearchRange=0_HadamardME=0_QuadtreeTUMaxDepthInter=2_RefFrames=3_SearchRange=8_TestRect=0.2	0.7626	0.0473	0.0620
AMP=0_BipredSearchRange=0_HadamardME=0_QuadtreeTUMaxDepthInter=1_RefFrames=3_SearchRange=8_TestRect=0	0.7867	0.0681	0.0865
AMP=0_BipredSearchRange=0_HadamardME=0_QuadtreeTUMaxDepthInter=1_RefFrames=3_SearchRange=8_TestRect=0.1	0.7651	0.0637	0.0832
AMP=0_BipredSearchRange=0_HadamardME=0_QuadtreeTUMaxDepthInter=1_SearchRange=8_TestRect=0.5	0.7166	0.0435	0.0607
AMP=0_FME=1	0.3023	0.0462	0.1527
AMP=0_BipredSearchRange=2_FME=1_QuadtreeTUMaxDepthInter=1_SearchRange=8_TestRect=0.1	0.7970	0.0933	0.1170
AMP=0_BipredSearchRange=0_FME=1_QuadtreeTUMaxDepthInter=1_SearchRange=8_TestRect=0.1	0.7559	0.0850	0.1124
AMP=0_BipredSearchRange=0_FME=1_QuadtreeTUMaxDepthInter=1_SearchRange=32_TestRect=0.1	0.7502	0.0875	0.1167
AMP=0_BipredSearchRange=0_FME=1_HadamardME=0_QuadtreeTUMaxDepthInter=1_RefFrames=3_SearchRange=8_TestRect=0.6	0.7853	0.0953	0.1213
AMP=0_BipredSearchRange=0_FME=1_HadamardME=0_QuadtreeTUMaxDepthInter=2_RefFrames=3_SearchRange=32_TestRect=0.2	0.7905	0.0850	0.1075
AMP=0_BipredSearchRange=0_FME=1_HadamardME=0_QuadtreeTUMaxDepthInter=1_RefFrames=3_SearchRange=8_TestRect=0.1	0.7828	0.1100	0.1405
AMP=0_BipredSearchRange=0_FME=1_HadamardME=0_QuadtreeTUMaxDepthInter=1_RefFrames=3_SearchRange=32_TestRect=0.1	0.7926	0.1117	0.1409
AMP=0_BipredSearchRange=2_FME=1_HadamardME=0_QuadtreeTUMaxDepthInter=1_RefFrames=3_SearchRange=8_TestRect=0.1	0.7931	0.1099	0.1385
HadamardME=0_RefFrames=3	0.4515	0.0163	0.0361
BipredSearchRange=2_HadamardME=0_QuadtreeTUMaxDepthInter=2_RefFrames=3_SearchRange=8_TestRect=0.3	0.5916	0.0319	0.0539
HadamardME=0_RefFrames=3_SearchRange=8_TestRect=0.1	0.6476	0.0326	0.0504
AMP=0_BipredSearchRange=0_HadamardME=0_QuadtreeTUMaxDepthInter=2_RefFrames=3_SearchRange=8_TestRect=0.7	0.6642	0.0327	0.0493
HadamardME=0_QuadtreeTUMaxDepthInter=2_RefFrames=3_SearchRange=32_TestRect=0.2	0.6968	0.0322	0.0462
BipredSearchRange=0_HadamardME=0_QuadtreeTUMaxDepthInter=2_RefFrames=3_SearchRange=8_TestRect=0.3	0.6977	0.0313	0.0448
AMP=0_BipredSearchRange=0_HadamardME=0_QuadtreeTUMaxDepthInter=2_RefFrames=3_SearchRange=8_TestRect=0.8	0.6545	0.0305	0.0466
HadamardME=0_QuadtreeTUMaxDepthInter=2_RefFrames=3_SearchRange=8_TestRect=0.2	0.6055	0.0349	0.0576
BipredSearchRange=2_HadamardME=0_QuadtreeTUMaxDepthInter=2_RefFrames=3_SearchRange=32_TestRect=0.2	0.6351	0.0324	0.0510
AMP=0_BipredSearchRange=0_HadamardME=0_QuadtreeTUMaxDepthInter=2_RefFrames=3_SearchRange=8_TestRect=0.3	0.6631	0.0413	0.0623
AMP=0_BipredSearchRange=2_HadamardME=0_QuadtreeTUMaxDepthInter=2_RefFrames=3_SearchRange=8_TestRect=0.4	0.7193	0.0405	0.0563
AMP=0_BipredSearchRange=2_HadamardME=0_QuadtreeTUMaxDepthInter=2_RefFrames=3_SearchRange=8_TestRect=0.2	0.7562	0.0482	0.0637
BipredSearchRange=0_HadamardME=0_QuadtreeTUMaxDepthInter=1_RefFrames=3_SearchRange=8_TestRect=0.3	0.6468	0.0399	0.0617
AMP=0_BipredSearchRange=2_HadamardME=0_QuadtreeTUMaxDepthInter=2_RefFrames=3_SearchRange=32_TestRect=0.2	0.7536	0.0467	0.0620
BipredSearchRange=0_HadamardME=0_QuadtreeTUMaxDepthInter=1_RefFrames=3_SearchRange=8_TestRect=0.1	0.7796	0.0505	0.0648
BipredSearchRange=2_HadamardME=0_QuadtreeTUMaxDepthInter=2_RefFrames=3_SearchRange=8_TestRect=0.1	0.7272	0.0351	0.0483
AMP=0_BipredSearchRange=2_HadamardME=0_QuadtreeTUMaxDepthInter=2_RefFrames=3_SearchRange=32_TestRect=0.1	0.7148	0.0480	0.0671
BipredSearchRange=0_HadamardME=0_QuadtreeTUMaxDepthInter=1_RefFrames=3_SearchRange=8_TestRect=0.7	0.5777	0.0309	0.0535
AMP=0_BipredSearchRange=0_HadamardME=0_QuadtreeTUMaxDepthInter=1_RefFrames=3_SearchRange=8_TestRect=0.7	0.6174	0.0390	0.0632
AMP=0_BipredSearchRange=0_HadamardME=0_QuadtreeTUMaxDepthInter=2_RefFrames=3_SearchRange=32_TestRect=0.4	0.7242	0.0406	0.0560
BipredSearchRange=2_HadamardME=0_QuadtreeTUMaxDepthInter=1_RefFrames=3_SearchRange=8_TestRect=0.1	0.7730	0.0493	0.0638
AMP=0_BipredSearchRange=2_HadamardME=0_QuadtreeTUMaxDepthInter=1_RefFrames=3_SearchRange=32_TestRect=0.4	0.7596	0.0515	0.0678
BipredSearchRange=0_HadamardME=0_QuadtreeTUMaxDepthInter=1_RefFrames=3_SearchRange=8_TestRect=0.9	0.5483	0.0259	0.0472
AMP=0_BipredSearchRange=0_HadamardME=0_QuadtreeTUMaxDepthInter=1_RefFrames=3_SearchRange=8_TestRect=0.9	0.6894	0.0364	0.0529
BipredSearchRange=0_HadamardME=0_QuadtreeTUMaxDepthInter=1_RefFrames=3_SearchRange=8_TestRect=0.8	0.6689	0.0279	0.0417
AMP=0_BipredSearchRange=0_HadamardME=0_QuadtreeTUMaxDepthInter=1_RefFrames=3_SearchRange=8_TestRect=0.8	0.7018	0.0381	0.0543
BipredSearchRange=0_HadamardME=0_QuadtreeTUMaxDepthInter=1_RefFrames=3_SearchRange=8_TestRect=0.5	0.7115	0.0398	0.0559
BipredSearchRange=2_HadamardME=0_QuadtreeTUMaxDepthInter=1_RefFrames=3_SearchRange=8_TestRect=0.3	0.7363	0.0398	0.0540
AMP=0_BipredSearchRange=0_HadamardME=0_QuadtreeTUMaxDepthInter=2_RefFrames=3_SearchRange=32_TestRect=0.5	0.6988	0.0389	0.0557
AMP=0_BipredSearchRange=2_HadamardME=0_QuadtreeTUMaxDepthInter=2_RefFrames=3_SearchRange=8_TestRect=0.6	0.6818	0.0363	0.0533
FME=1_RefFrames=3	0.4712	0.0450	0.0954
AMP=0_BipredSearchRange=0_FME=1_HadamardME=0_QuadtreeTUMaxDepthInter=1_RefFrames=3_SearchRange=8_TestRect=0.5	0.7622	0.0989	0.1297
AMP=0_BipredSearchRange=2_FME=1_QuadtreeTUMaxDepthInter=2_RefFrames=3_SearchRange=8_TestRect=0	0.7903	0.0855	0.1082
AMP=0_BipredSearchRange=2_FME=1_HadamardME=0_QuadtreeTUMaxDepthInter=1_RefFrames=3_SearchRange=8_TestRect=0.5	0.7865	0.0992	0.1261
AMP=0_BipredSearchRange=0_FME=1_HadamardME=0_QuadtreeTUMaxDepthInter=1_RefFrames=3_SearchRange=8_TestRect=0.3	0.7481	0.1013	0.1354
AMP=0_BipredSearchRange=2_FME=1_QuadtreeTUMaxDepthInter=1_RefFrames=3_SearchRange=8_TestRect=0.1	0.8147	0.0971	0.1191
AMP=0_BipredSearchRange=2_FME=1_HadamardME=0_QuadtreeTUMaxDepthInter=2_RefFrames=3_SearchRange=8_TestRect=0	0.7627	0.0912	0.1196
AMP=0_BipredSearchRange=0_FME=1_QuadtreeTUMaxDepthInter=1_RefFrames=3_SearchRange=32_TestRect=0.1	0.7720	0.0965	0.1250
FME=1_HadamardME=0	0.3271	0.0494	0.1509
AMP=0_BipredSearchRange=2_FME=1_HadamardME=0_QuadtreeTUMaxDepthInter=2_RefFrames=3_SearchRange=32_TestRect=0.1	0.7932	0.0946	0.1193
AMP=0_BipredSearchRange=2_FME=1_HadamardME=0_QuadtreeTUMaxDepthInter=2_RefFrames=3_SearchRange=8_TestRect=0.2	0.7237	0.0870	0.1202
BipredSearchRange=2_FME=1_HadamardME=0_QuadtreeTUMaxDepthInter=1_RefFrames=3_SearchRange=8_TestRect=0.1	0.8076	0.0892	0.1105
AMP=0_BipredSearchRange=0_FME=1_HadamardME=0_QuadtreeTUMaxDepthInter=1_RefFrames=3_SearchRange=32_TestRect=0.2	0.8313	0.1081	0.1301
AMP=0_BipredSearchRange=0_FME=1_HadamardME=0_QuadtreeTUMaxDepthInter=2_RefFrames=3_SearchRange=8_TestRect=0.1	0.7827	0.0865	0.1105
HadamardME=0_RefFrames=2	0.5249	0.0248	0.0472
AMP=0_BipredSearchRange=2_HadamardME=0_QuadtreeTUMaxDepthInter=2_RefFrames=2_SearchRange=32_TestRect=0.4	0.7488	0.0473	0.0632
AMP=0_HadamardME=0_QuadtreeTUMaxDepthInter=2_RefFrames=2_TestRect=0.4	0.7370	0.0485	0.0659
AMP=0_BipredSearchRange=2_HadamardME=0_QuadtreeTUMaxDepthInter=1_RefFrames=2_SearchRange=32_TestRect=0.7	0.6477	0.0428	0.0661
BipredSearchRange=0_HadamardME=0_QuadtreeTUMaxDepthInter=2_RefFrames=3_SearchRange=8_TestRect=0.2	0.6522	0.0351	0.0539
AMP=0_BipredSearchRange=2_HadamardME=0_RefFrames=2_SearchRange=32_TestRect=0.3	0.6968	0.0460	0.0660
AMP=0_BipredSearchRange=0_HadamardME=0_QuadtreeTUMaxDepthInter=1_RefFrames=2_SearchRange=32_TestRect=0.2	0.7707	0.0678	0.0880
AMP=0_BipredSearchRange=0_HadamardME=0_QuadtreeTUMaxDepthInter=2_RefFrames=2_SearchRange=8_TestRect=0.1	0.7931	0.0572	0.0721
AMP=0_BipredSearchRange=0_HadamardME=0_QuadtreeTUMaxDepthInter=1_RefFrames=2_SearchRange=8_TestRect=0.2	0.8246	0.0700	0.0849
AMP=0_BipredSearchRange=0_HadamardME=0_QuadtreeTUMaxDepthInter=1_RefFrames=2_SearchRange=8_TestRect=0.5	0.7186	0.0572	0.0796
AMP=0_BipredSearchRange=2_HadamardME=0_QuadtreeTUMaxDepthInter=1_RefFrames=2_SearchRange=32_TestRect=0.3	0.7349	0.0570	0.0776
AMP=0_BipredSearchRange=2_HadamardME=0_QuadtreeTUMaxDepthInter=2_RefFrames=2_SearchRange=32_TestRect=0.3	0.6665	0.0479	0.0719
AMP=0_BipredSearchRange=0_HadamardME=0_QuadtreeTUMaxDepthInter=1_RefFrames=2_SearchRange=32_TestRect=0.1	0.8322	0.0693	0.0832
AMP=0_BipredSearchRange=2_FME=1_HadamardME=0_RefFrames=2_SearchRange=32_TestRect=0.3	0.7311	0.0914	0.1251
AMP=0_BipredSearchRange=2_HadamardME=0_QuadtreeTUMaxDepthInter=2_RefFrames=2_SearchRange=8_TestRect=0.4	0.7510	0.0484	0.0645
AMP=0_FME=1_HadamardME=0_QuadtreeTUMaxDepthInter=2_RefFrames=2_TestRect=0.4	0.7636	0.0874	0.1144
AMP=0_HadamardME=0_QuadtreeTUMaxDepthInter=2_RefFrames=2_TestRect=0	0.7354	0.0586	0.0797
AMP=0_HadamardME=0_QuadtreeTUMaxDepthInter=2_RefFrames=2_TestRect=0.6	0.6107	0.0425	0.0695
AMP=0_BipredSearchRange=0_HadamardME=0_QuadtreeTUMaxDepthInter=2_RefFrames=2_SearchRange=8_TestRect=0.6	0.7224	0.0436	0.0604
AMP=0_HadamardME=0_QuadtreeTUMaxDepthInter=2_RefFrames=2_SearchRange=8_TestRect=0.6	0.7070	0.0441	0.0623
AMP=0_BipredSearchRange=2_HadamardME=0_QuadtreeTUMaxDepthInter=2_RefFrames=2_SearchRange=8_TestRect=0.6	0.7213	0.0448	0.0620
AMP=0_BipredSearchRange=0_HadamardME=0_QuadtreeTUMaxDepthInter=1_RefFrames=2_SearchRange=32_TestRect=0.5	0.7800	0.0564	0.0723
AMP=0_BipredSearchRange=2_HadamardME=0_QuadtreeTUMaxDepthInter=1_RefFrames=2_SearchRange=8_TestRect=0.5	0.7761	0.0562	0.0724
AMP=0_BipredSearchRange=2_FME=1_HadamardME=0_QuadtreeTUMaxDepthInter=2_RefFrames=3_SearchRange=8_TestRect=0.6	0.6547	0.0831	0.1269
AMP=0_HadamardME=0_QuadtreeTUMaxDepthInter=2_RefFrames=2_TestRect=0.2	0.7685	0.0520	0.0677
AMP=0_HadamardME=0_QuadtreeTUMaxDepthInter=2_RefFrames=2_TestRect=0.1	0.7128	0.0534	0.0749
AMP=0_BipredSearchRange=2_HadamardME=0_QuadtreeTUMaxDepthInter=2_RefFrames=2_SearchRange=32_TestRect=0.2	0.7206	0.0540	0.0749
AMP=0_BipredSearchRange=0_HadamardME=0_QuadtreeTUMaxDepthInter=2_RefFrames=2_SearchRange=32_TestRect=0.2	0.7253	0.0523	0.0722
AMP=0_BipredSearchRange=0_HadamardME=0_QuadtreeTUMaxDepthInter=1_RefFrames=2_SearchRange=8_TestRect=0	0.8416	0.0783	0.0930
AMP=0_BipredSearchRange=0_HadamardME=0_QuadtreeTUMaxDepthInter=2_RefFrames=2_SearchRange=32_TestRect=0.1	0.7385	0.0542	0.0733
AMP=0_BipredSearchRange=2_HadamardME=0_QuadtreeTUMaxDepthInter=1_RefFrames=2_SearchRange=8_TestRect=0.1	0.8295	0.0703	0.0847
AMP=0_BipredSearchRange=2_HadamardME=0_QuadtreeTUMaxDepthInter=2_RefFrames=2_SearchRange=8_TestRect=0	0.8059	0.0580	0.0720
AMP=0_BipredSearchRange=0_HadamardME=0_QuadtreeTUMaxDepthInter=1_RefFrames=2_SearchRange=8_TestRect=0.1	0.7891	0.0701	0.0889
AMP=0_BipredSearchRange=0_HadamardME=0_QuadtreeTUMaxDepthInter=2_RefFrames=2_SearchRange=32_TestRect=0	0.7589	0.0603	0.0795
AMP=0_BipredSearchRange=0_HadamardME=0_QuadtreeTUMaxDepthInter=2_RefFrames=2_SearchRange=8_TestRect=0	0.8089	0.0609	0.0753
AMP=0_HadamardME=0_QuadtreeTUMaxDepthInter=2_RefFrames=2_TestRect=0.5	0.6104	0.0442	0.0723
AMP=0_BipredSearchRange=0_HadamardME=0_QuadtreeTUMaxDepthInter=2_RefFrames=2_SearchRange=8_TestRect=0.5	0.6641	0.0471	0.0710
AMP=0_HadamardME=0_QuadtreeTUMaxDepthInter=2_RefFrames=2_SearchRange=8_TestRect=0.5	0.6288	0.0447	0.0711
AMP=0_BipredSearchRange=2_HadamardME=0_QuadtreeTUMaxDepthInter=2_RefFrames=2_SearchRange=8_TestRect=0.5	0.7314	0.0469	0.0641
AMP=0_BipredSearchRange=0_FME=1_HadamardME=0_QuadtreeTUMaxDepthInter=2_RefFrames=2_SearchRange=32_TestRect=0.4	0.7827	0.0891	0.1139
AMP=0_BipredSearchRange=2_FME=1_HadamardME=0_QuadtreeTUMaxDepthInter=2_RefFrames=2_SearchRange=8_TestRect=0.4	0.7776	0.0889	0.1143
AMP=0_BipredSearchRange=0_FME=1_HadamardME=0_QuadtreeTUMaxDepthInter=2_RefFrames=2_SearchRange=8_TestRect=0.4	0.7826	0.0897	0.1146
AMP=0_BipredSearchRange=0_FME=1_HadamardME=0_QuadtreeTUMaxDepthInter=1_RefFrames=2_SearchRange=32_TestRect=0.1	0.8506	0.1143	0.1344
AMP=0_BipredSearchRange=2_FME=1_HadamardME=0_QuadtreeTUMaxDepthInter=1_RefFrames=2_SearchRange=32_TestRect=0.3	0.7801	0.1022	0.1310
AMP=0_BipredSearchRange=2_FME=1_HadamardME=0_QuadtreeTUMaxDepthInter=2_RefFrames=2_SearchRange=32_TestRect=0.3	0.7712	0.0903	0.1171
AMP=0_BipredSearchRange=2_FME=1_HadamardME=0_QuadtreeTUMaxDepthInter=1_RefFrames=2_SearchRange=8_TestRect=0.1	0.8473	0.1145	0.1352
FME=1_RefFrames=2	0.5373	0.0510	0.0950
AMP=0_BipredSearchRange=2_FME=1_QuadtreeTUMaxDepthInter=1_RefFrames=2_SearchRange=8_TestRect=0.1	0.7739	0.0998	0.1289
AMP=0_BipredSearchRange=0_FME=1_HadamardME=0_QuadtreeTUMaxDepthInter=1_RefFrames=2_SearchRange=32_TestRect=0.3	0.8295	0.1034	0.1247
AMP=0_BipredSearchRange=2_FME=1_HadamardME=0_QuadtreeTUMaxDepthInter=1_RefFrames=3_SearchRange=8_TestRect=0.3	0.7513	0.0990	0.1318
AMP=0_BipredSearchRange=2_FME=1_HadamardME=0_QuadtreeTUMaxDepthInter=1_RefFrames=3_SearchRange=32_TestRect=0.4	0.7382	0.0984	0.1332
FME=1_MaxPartitionDepth=3	0.5368	0.1251	0.2330
AMP=0_BipredSearchRange=2_FME=1_HadamardME=0_MaxPartitionDepth=3_QuadtreeTUMaxDepthInter=1_RefFrames=2_SearchRange=8_TestRect=0.1	0.8909	0.3227	0.3622
FME=1_MaxPartitionDepth=3_RefFrames=3	0.4844	0.1363	0.2815
FME=1_HadamardME=0_MaxPartitionDepth=3	0.6067	0.1460	0.2406
FME=1_HadamardME=0_MaxPartitionDepth=3_RefFrames=3	0.5493	0.1517	0.2763
FME=1_HadamardME=0_MaxPartitionDepth=3_RefFrames=2	0.5989	0.1581	0.2640
MaxPartitionDepth=3_RefFrames=2	0.4125	0.0989	0.2399
AMP=0_BipredSearchRange=2_FME=1_MaxPartitionDepth=3_QuadtreeTUMaxDepthInter=1_RefFrames=2_SearchRange=8_TestRect=0.1	0.8791	0.3040	0.3458
AMP=0_BipredSearchRange=2_FME=1_HadamardME=0_MaxPartitionDepth=3_QuadtreeTUMaxDepthInter=1_RefFrames=2_SearchRange=32_TestRect=0.4	0.8713	0.2758	0.3165
AMP=0_BipredSearchRange=0_FME=1_HadamardME=0_MaxPartitionDepth=3_QuadtreeTUMaxDepthInter=1_RefFrames=2_SearchRange=8_TestRect=0.5	0.8683	0.2632	0.3031
AMP=0_BipredSearchRange=2_FME=1_HadamardME=0_MaxPartitionDepth=3_QuadtreeTUMaxDepthInter=1_RefFrames=3_SearchRange=8_TestRect=0.3	0.8019	0.2741	0.3418
AMP=0_BipredSearchRange=2_FME=1_HadamardME=0_MaxPartitionDepth=3_QuadtreeTUMaxDepthInter=1_RefFrames=3_SearchRange=8_TestRect=0.5	0.8091	0.2556	0.3159
AMP=0_BipredSearchRange=2_FME=1_HadamardME=0_MaxPartitionDepth=3_QuadtreeTUMaxDepthInter=1_RefFrames=1_SearchRange=8_TestRect=0.5	0.8785	0.2772	0.3155
AMP=0_BipredSearchRange=0_FME=1_HadamardME=0_MaxPartitionDepth=3_QuadtreeTUMaxDepthInter=1_RefFrames=1_SearchRange=8_TestRect=0.5	0.8394	0.2797	0.3332
AMP=0_BipredSearchRange=2_FME=1_HadamardME=0_MaxPartitionDepth=3_QuadtreeTUMaxDepthInter=1_RefFrames=1_SearchRange=32_TestRect=0.4	0.8444	0.2899	0.3433
AMP=0_BipredSearchRange=2_FME=0_MaxPartitionDepth=3_QuadtreeTUMaxDepthInter=1_RefFrames=2_SearchRange=8_TestRect=0.1	0.8992	0.3865	0.4298
